1	tt0111161	The Shawshank Redemption	1994	Drama	Frank Darabont	Tim Robbins, Morgan Freeman, Bob Gunton	Two imprisoned men bond over a number of years, finding solace and eventual redemption through acts of common decency.	https://m.media-amazon.com/images/M/MV5BMDFkYTc0MGEtZmNhMC00ZDIzLWFmNTEtODM1ZmRlYWMwMWFmXkEyXkFqcGdeQXVyMTMxODk2OTU@._V1_SX300.jpg	English	9.3	80
2	tt0068646	The Godfather	1972	Crime, Drama	Francis Ford Coppola	Marlon Brando, Al Pacino, James Caan	The Godfather follows Vito Corleone, Don of the Corleone family, as he passes the mantle to his unwilling son, Michael.	https://m.media-amazon.com/images/M/MV5BM2MyNjYxNmUtYTAwNi00MTYxLWJmNWYtYzZlODY3ZTk3OTFlXkEyXkFqcGdeQXVyNzkwMjQ5NzM@._V1_SX300.jpg	English	9.2	100
3	tt0071562	The Godfather: Part II	1974	Crime, Drama	Francis Ford Coppola	Al Pacino, Robert De Niro, Robert Duvall	The early life and career of Vito Corleone in 1920s New York City is portrayed, while his son, Michael, expands and tightens his grip on the family crime syndicate.	https://m.media-amazon.com/images/M/MV5BMWMwMGQzZTItY2JlNC00OWZiLWIyMDctNDk2ZDQ2YjRjMWQ0XkEyXkFqcGdeQXVyNzkwMjQ5NzM@._V1_SX300.jpg	English	9	90
4	tt0468569	The Dark Knight	2008	Action, Crime, Drama	Christopher Nolan	Christian Bale, Heath Ledger, Aaron Eckhart	When the menace known as the Joker wreaks havoc and chaos on the people of Gotham, Batman must accept one of the greatest psychological and physical tests of his ability to fight injustice.	https://m.media-amazon.com/images/M/MV5BMTMxNTMwODM0NF5BMl5BanBnXkFtZTcwODAyMTk2Mw@@._V1_SX300.jpg	English	9	84
5	tt0050083	12 Angry Men	1957	Crime, Drama	Sidney Lumet	Henry Fonda, Lee J. Cobb, Martin Balsam	The jury in a New York City murder trial is frustrated by a single member whose skeptical caution forces them to more carefully consider the evidence before jumping to a hasty verdict.	https://m.media-amazon.com/images/M/MV5BMWU4N2FjNzYtNTVkNC00NzQ0LTg0MjAtYTJlMjFhNGUxZDFmXkEyXkFqcGdeQXVyNjc1NTYyMjg@._V1_SX300.jpg	English	9	96
6	tt0108052	Schindler's List	1993	Biography, Drama, History	Steven Spielberg	Liam Neeson, Ralph Fiennes, Ben Kingsley	In German-occupied Poland during World War II, industrialist Oskar Schindler gradually becomes concerned for his Jewish workforce after witnessing their persecution by the Nazis.	https://m.media-amazon.com/images/M/MV5BNDE4OTMxMTctNmRhYy00NWE2LTg3YzItYTk3M2UwOTU5Njg4XkEyXkFqcGdeQXVyNjU0OTQ0OTY@._V1_SX300.jpg	English	8.9	94
7	tt0167260	The Lord of the Rings: The Return of the King	2003	Action, Adventure, Drama	Peter Jackson	Elijah Wood, Viggo Mortensen, Ian McKellen	Gandalf and Aragorn lead the World of Men against Sauron's army to draw his gaze from Frodo and Sam as they approach Mount Doom with the One Ring.	https://m.media-amazon.com/images/M/MV5BNzA5ZDNlZWMtM2NhNS00NDJjLTk4NDItYTRmY2EwMWZlMTY3XkEyXkFqcGdeQXVyNzkwMjQ5NzM@._V1_SX300.jpg	English	8.9	94
8	tt0110912	Pulp Fiction	1994	Crime, Drama	Quentin Tarantino	John Travolta, Uma Thurman, Samuel L. Jackson	The lives of two mob hitmen, a boxer, a gangster and his wife, and a pair of diner bandits intertwine in four tales of violence and redemption.	https://m.media-amazon.com/images/M/MV5BNGNhMDIzZTUtNTBlZi00MTRlLWFjM2ItYzViMjE3YzI5MjljXkEyXkFqcGdeQXVyNzkwMjQ5NzM@._V1_SX300.jpg	English	8.9	94
9	tt0060196	The Good, the Bad and the Ugly	1966	Adventure, Western	Sergio Leone	Clint Eastwood, Eli Wallach, Lee Van Cleef	A bounty hunting scam joins two men in an uneasy alliance against a third in a race to find a fortune in gold buried in a remote cemetery.	https://m.media-amazon.com/images/M/MV5BOTQ5NDI3MTI4MF5BMl5BanBnXkFtZTgwNDQ4ODE5MDE@._V1_SX300.jpg	English	8.8	90
10	tt0120737	The Lord of the Rings: The Fellowship of the Ring	2001	Action, Adventure, Drama	Peter Jackson	Elijah Wood, Ian McKellen, Orlando Bloom	A meek Hobbit from the Shire and eight companions set out on a journey to destroy the powerful One Ring and save Middle-earth from the Dark Lord Sauron.	https://m.media-amazon.com/images/M/MV5BN2EyZjM3NzUtNWUzMi00MTgxLWI0NTctMzY4M2VlOTdjZWRiXkEyXkFqcGdeQXVyNDUzOTQ5MjY@._V1_SX300.jpg	English	8.8	92
11	tt0137523	Fight Club	1999	Drama	David Fincher	Brad Pitt, Edward Norton, Meat Loaf	An insomniac office worker and a devil-may-care soap maker form an underground fight club that evolves into much more.	https://m.media-amazon.com/images/M/MV5BMmEzNTkxYjQtZTc0MC00YTVjLTg5ZTEtZWMwOWVlYzY0NWIwXkEyXkFqcGdeQXVyNzkwMjQ5NzM@._V1_SX300.jpg	English	8.8	66
12	tt0109830	Forrest Gump	1994	Drama, Romance	Robert Zemeckis	Tom Hanks, Robin Wright, Gary Sinise	The presidencies of Kennedy and Johnson, the Vietnam War, the Watergate scandal and other historical events unfold from the perspective of an Alabama man with an IQ of 75, whose only desire is to be reunited with his childhood sweeth	https://m.media-amazon.com/images/M/MV5BNWIwODRlZTUtY2U3ZS00Yzg1LWJhNzYtMmZiYmEyNmU1NjMzXkEyXkFqcGdeQXVyMTQxNzMzNDI@._V1_SX300.jpg	English	8.8	82
13	tt1375666	Inception	2010	Action, Adventure, Sci-Fi	Christopher Nolan	Leonardo DiCaprio, Joseph Gordon-Levitt, Elliot Page	A thief who steals corporate secrets through the use of dream-sharing technology is given the inverse task of planting an idea into the mind of a C.E.O., but his tragic past may doom the project and his team to disaster.	https://m.media-amazon.com/images/M/MV5BMjAxMzY3NjcxNF5BMl5BanBnXkFtZTcwNTI5OTM0Mw@@._V1_SX300.jpg	English	8.8	74
14	tt0167261	The Lord of the Rings: The Two Towers	2002	Action, Adventure, Drama	Peter Jackson	Elijah Wood, Ian McKellen, Viggo Mortensen	While Frodo and Sam edge closer to Mordor with the help of the shifty Gollum, the divided fellowship makes a stand against Sauron's new ally, Saruman, and his hordes of Isengard.	https://m.media-amazon.com/images/M/MV5BZGMxZTdjZmYtMmE2Ni00ZTdkLWI5NTgtNjlmMjBiNzU2MmI5XkEyXkFqcGdeQXVyNjU0OTQ0OTY@._V1_SX300.jpg	English	8.7	87
15	tt0080684	Star Wars: Episode V - The Empire Strikes Back	1980	Action, Adventure, Fantasy	Irvin Kershner	Mark Hamill, Harrison Ford, Carrie Fisher	After the Rebels are brutally overpowered by the Empire on the ice planet Hoth, Luke Skywalker begins Jedi training with Yoda, while his friends are pursued across the galaxy by Darth Vader and bounty hunter Boba Fett.	https://m.media-amazon.com/images/M/MV5BYmU1NDRjNDgtMzhiMi00NjZmLTg5NGItZDNiZjU5NTU4OTE0XkEyXkFqcGdeQXVyNzkwMjQ5NzM@._V1_SX300.jpg	English	8.7	82
16	tt0133093	The Matrix	1999	Action, Sci-Fi	Lana Wachowski, Lilly Wachowski	Keanu Reeves, Laurence Fishburne, Carrie-Anne Moss	When a beautiful stranger leads computer hacker Neo to a forbidding underworld, he discovers the shocking truth--the life he knows is the elaborate deception of an evil cyber-intelligence.	https://m.media-amazon.com/images/M/MV5BNzQzOTk3OTAtNDQ0Zi00ZTVkLWI0MTEtMDllZjNkYzNjNTc4L2ltYWdlXkEyXkFqcGdeQXVyNjU0OTQ0OTY@._V1_SX300.jpg	English	8.7	73
17	tt0099685	Goodfellas	1990	Biography, Crime, Drama	Martin Scorsese	Robert De Niro, Ray Liotta, Joe Pesci	The story of Henry Hill and his life in the mob, covering his relationship with his wife Karen Hill and his mob partners Jimmy Conway and Tommy DeVito in the Italian-American crime syndicate.	https://m.media-amazon.com/images/M/MV5BY2NkZjEzMDgtN2RjYy00YzM1LWI4ZmQtMjIwYjFjNmI3ZGEwXkEyXkFqcGdeQXVyNzkwMjQ5NzM@._V1_SX300.jpg	English	8.7	90
18	tt0073486	One Flew Over the Cuckoo's Nest	1975	Drama	Milos Forman	Jack Nicholson, Louise Fletcher, Michael Berryman	A criminal pleads insanity and is admitted to a mental institution, where he rebels against the oppressive nurse and rallies up the scared patients.	https://m.media-amazon.com/images/M/MV5BZjA0OWVhOTAtYWQxNi00YzNhLWI4ZjYtNjFjZTEyYjJlNDVlL2ltYWdlL2ltYWdlXkEyXkFqcGdeQXVyMTQxNzMzNDI@._V1_SX300.jpg	English	8.7	84
19	tt0047478	Seven Samurai	1954	Action, Drama	Akira Kurosawa	Toshirô Mifune, Takashi Shimura, Keiko Tsushima	A poor village under attack by bandits recruits seven unemployed samurai to help them defend themselves.	https://m.media-amazon.com/images/M/MV5BOWE4ZDdhNmMtNzE5ZC00NzExLTlhNGMtY2ZhYjYzODEzODA1XkEyXkFqcGdeQXVyNTAyODkwOQ@@._V1_SX300.jpg	Japanese	8.6	98
20	tt0114369	Se7en	1995	Crime, Drama, Mystery	David Fincher	Morgan Freeman, Brad Pitt, Kevin Spacey	Two detectives, a rookie and a veteran, hunt a serial killer who uses the seven deadly sins as his motives.	https://m.media-amazon.com/images/M/MV5BOTUwODM5MTctZjczMi00OTk4LTg3NWUtNmVhMTAzNTNjYjcyXkEyXkFqcGdeQXVyNjU0OTQ0OTY@._V1_SX300.jpg	English	8.6	65
21	tt0102926	The Silence of the Lambs	1991	Crime, Drama, Horror	Jonathan Demme	Jodie Foster, Anthony Hopkins, Lawrence A. Bonney	A young F.B.I. cadet must receive the help of an incarcerated and manipulative cannibal killer to help catch another serial killer, a madman who skins his victims.	https://m.media-amazon.com/images/M/MV5BNjNhZTk0ZmEtNjJhMi00YzFlLWE1MmEtYzM1M2ZmMGMwMTU4XkEyXkFqcGdeQXVyNjU0OTQ0OTY@._V1_SX300.jpg	English	8.6	85
22	tt0317248	City of God	2002	Crime, Drama	Fernando Meirelles, Kátia Lund	Alexandre Rodrigues, Leandro Firmino, Matheus Nachtergaele	In the slums of Rio, two kids' paths diverge as one struggles to become a photographer and the other a kingpin.	https://m.media-amazon.com/images/M/MV5BOTMwYjc5ZmItYTFjZC00ZGQ3LTlkNTMtMjZiNTZlMWQzNzI5XkEyXkFqcGdeQXVyNzkwMjQ5NzM@._V1_SX300.jpg	Portuguese	8.6	79
23	tt0038650	It's a Wonderful Life	1946	Comedy, Drama, Family	Frank Capra	James Stewart, Donna Reed, Lionel Barrymore	An angel is sent from Heaven to help a desperately frustrated businessman by showing him what life would have been like if he had never existed.	https://m.media-amazon.com/images/M/MV5BZjc4NDZhZWMtNGEzYS00ZWU2LThlM2ItNTA0YzQ0OTExMTE2XkEyXkFqcGdeQXVyNjUwMzI2NzU@._V1_SX300.jpg	English	8.6	89
24	tt0118799	Life Is Beautiful	1997	Comedy, Drama, Romance	Roberto Benigni	Roberto Benigni, Nicoletta Braschi, Giorgio Cantarini	When an open-minded Jewish waiter and his son become victims of the Holocaust, he uses a perfect mixture of will, humor, and imagination to protect his son from the dangers around their camp.	https://m.media-amazon.com/images/M/MV5BYmJmM2Q4NmMtYThmNC00ZjRlLWEyZmItZTIwOTBlZDQ3NTQ1XkEyXkFqcGdeQXVyMTQxNzMzNDI@._V1_SX300.jpg	Italian	8.6	59
25	tt0120815	Saving Private Ryan	1998	Drama, War	Steven Spielberg	Tom Hanks, Matt Damon, Tom Sizemore	Following the Normandy Landings, a group of U.S. soldiers go behind enemy lines to retrieve a paratrooper whose brothers have been killed in action.	https://m.media-amazon.com/images/M/MV5BZjhkMDM4MWItZTVjOC00ZDRhLThmYTAtM2I5NzBmNmNlMzI1XkEyXkFqcGdeQXVyNDYyMDk5MTU@._V1_SX300.jpg	English	8.6	91
26	tt0076759	Star Wars: Episode IV - A New Hope	1977	Action, Adventure, Fantasy	George Lucas	Mark Hamill, Harrison Ford, Carrie Fisher	Luke Skywalker joins forces with a Jedi Knight, a cocky pilot, a Wookiee and two droids to save the galaxy from the Empire's world-destroying battle station, while also attempting to rescue Princess Leia from the mysterious Darth Vad	https://m.media-amazon.com/images/M/MV5BNzVlY2MwMjktM2E4OS00Y2Y3LWE3ZjctYzhkZGM3YzA1ZWM2XkEyXkFqcGdeQXVyNzkwMjQ5NzM@._V1_SX300.jpg	English	8.6	90
27	tt0816692	Interstellar	2014	Adventure, Drama, Sci-Fi	Christopher Nolan	Matthew McConaughey, Anne Hathaway, Jessica Chastain	A team of explorers travel through a wormhole in space in an attempt to ensure humanity's survival.	https://m.media-amazon.com/images/M/MV5BZjdkOTU3MDktN2IxOS00OGEyLWFmMjktY2FiMmZkNWIyODZiXkEyXkFqcGdeQXVyMTMxODk2OTU@._V1_SX300.jpg	English	8.6	74
28	tt10872600	Spider-Man: No Way Home	2021	Action, Adventure, Fantasy	Jon Watts	Tom Holland, Zendaya, Benedict Cumberbatch	With Spider-Man's identity now revealed, Peter asks Doctor Strange for help. When a spell goes wrong, dangerous foes from other worlds start to appear, forcing Peter to discover what it truly means to be Spider-Man.	https://m.media-amazon.com/images/M/MV5BZWMyYzFjYTYtNTRjYi00OGExLWE2YzgtOGRmYjAxZTU3NzBiXkEyXkFqcGdeQXVyMzQ0MzA0NTM@._V1_SX300.jpg	English	8.7	71
29	tt0245429	Spirited Away	2001	Animation, Adventure, Family	Hayao Miyazaki	Daveigh Chase, Suzanne Pleshette, Miyu Irino	During her family's move to the suburbs, a sullen 10-year-old girl wanders into a world ruled by gods, witches, and spirits, and where humans are changed into beasts.	https://m.media-amazon.com/images/M/MV5BMjlmZmI5MDctNDE2YS00YWE0LWE5ZWItZDBhYWQ0NTcxNWRhXkEyXkFqcGdeQXVyMTMxODk2OTU@._V1_SX300.jpg	Japanese	8.6	96
30	tt0120689	The Green Mile	1999	Crime, Drama, Fantasy	Frank Darabont	Tom Hanks, Michael Clarke Duncan, David Morse	The lives of guards on Death Row are affected by one of their charges: a black man accused of child murder and rape, yet who has a mysterious gift.	https://m.media-amazon.com/images/M/MV5BMTUxMzQyNjA5MF5BMl5BanBnXkFtZTYwOTU2NTY3._V1_SX300.jpg	English	8.6	61
31	tt6751668	Parasite	2019	Comedy, Drama, Thriller	Bong Joon Ho	Kang-ho Song, Sun-kyun Lee, Yeo-jeong Cho	Greed and class discrimination threaten the newly formed symbiotic relationship between the wealthy Park family and the destitute Kim clan.	https://m.media-amazon.com/images/M/MV5BYWZjMjk3ZTItODQ2ZC00NTY5LWE0ZDYtZTI3MjcwN2Q5NTVkXkEyXkFqcGdeQXVyODk4OTc3MTY@._V1_SX300.jpg	Korean	8.6	96
32	tt0110413	Léon: The Professional	1994	Action, Crime, Drama	Luc Besson	Jean Reno, Gary Oldman, Natalie Portman	12-year-old Mathilda is reluctantly taken in by Léon, a professional assassin, after her family is murdered. An unusual relationship forms as she becomes his protégée and learns the assassin's trade.	https://m.media-amazon.com/images/M/MV5BODllNWE0MmEtYjUwZi00ZjY3LThmNmQtZjZlMjI2YTZjYmQ0XkEyXkFqcGdeQXVyNTc1NTQxODI@._V1_SX300.jpg	English	8.5	64
33	tt0056058	Hara-Kiri	1962	Action, Drama, Mystery	Masaki Kobayashi	Tatsuya Nakadai, Akira Ishihama, Shima Iwashita	When a ronin requesting seppuku at a feudal lord's palace is told of the brutal suicide of another ronin who previously visited, he reveals how their pasts are intertwined - and in doing so challenges the clan's integrity.	https://m.media-amazon.com/images/M/MV5BYjBmYTQ1NjItZWU5MS00YjI0LTg2OTYtYmFkN2JkMmNiNWVkXkEyXkFqcGdeQXVyMTMxMTY0OTQ@._V1_SX300.jpg	Japanese	8.6	85
34	tt0253474	The Pianist	2002	Biography, Drama, Music	Roman Polanski	Adrien Brody, Thomas Kretschmann, Frank Finlay	A Polish Jewish musician struggles to survive the destruction of the Warsaw ghetto of World War II.	https://m.media-amazon.com/images/M/MV5BOWRiZDIxZjktMTA1NC00MDQ2LWEzMjUtMTliZmY3NjQ3ODJiXkEyXkFqcGdeQXVyNjU0OTQ0OTY@._V1_SX300.jpg	English	8.5	85
35	tt0103064	Terminator 2: Judgment Day	1991	Action, Sci-Fi	James Cameron	Arnold Schwarzenegger, Linda Hamilton, Edward Furlong	A cyborg, identical to the one who failed to kill Sarah Connor, must now protect her ten-year-old son John from a more advanced and powerful cyborg.	https://m.media-amazon.com/images/M/MV5BMGU2NzRmZjUtOGUxYS00ZjdjLWEwZWItY2NlM2JhNjkxNTFmXkEyXkFqcGdeQXVyNjU0OTQ0OTY@._V1_SX300.jpg	English	8.5	75
36	tt0088763	Back to the Future	1985	Adventure, Comedy, Sci-Fi	Robert Zemeckis	Michael J. Fox, Christopher Lloyd, Lea Thompson	Marty McFly, a 17-year-old high school student, is accidentally sent thirty years into the past in a time-traveling DeLorean invented by his close friend, the eccentric scientist Doc Brown.	https://m.media-amazon.com/images/M/MV5BZmU0M2Y1OGUtZjIxNi00ZjBkLTg1MjgtOWIyNThiZWIwYjRiXkEyXkFqcGdeQXVyMTQxNzMzNDI@._V1_SX300.jpg	English	8.5	87
37	tt0114814	The Usual Suspects	1995	Crime, Drama, Mystery	Bryan Singer	Kevin Spacey, Gabriel Byrne, Chazz Palminteri	A sole survivor tells of the twisty events leading up to a horrific gun battle on a boat, which began when five criminals met at a seemingly random police lineup.	https://m.media-amazon.com/images/M/MV5BYTViNjMyNmUtNDFkNC00ZDRlLThmMDUtZDU2YWE4NGI2ZjVmXkEyXkFqcGdeQXVyNjU0OTQ0OTY@._V1_SX300.jpg	English	8.5	77
38	tt0054215	Psycho	1960	Horror, Mystery, Thriller	Alfred Hitchcock	Anthony Perkins, Janet Leigh, Vera Miles	A Phoenix secretary embezzles $40,000 from her employer's client, goes on the run, and checks into a remote motel run by a young man under the domination of his mother.	https://m.media-amazon.com/images/M/MV5BNTQwNDM1YzItNDAxZC00NWY2LTk0M2UtNDIwNWI5OGUyNWUxXkEyXkFqcGdeQXVyNzkwMjQ5NzM@._V1_SX300.jpg	English	8.5	97
39	tt0110357	The Lion King	1994	Animation, Adventure, Drama	Roger Allers, Rob Minkoff	Matthew Broderick, Jeremy Irons, James Earl Jones	Lion prince Simba and his father are targeted by his bitter uncle, who wants to ascend the throne himself.	https://m.media-amazon.com/images/M/MV5BYTYxNGMyZTYtMjE3MS00MzNjLWFjNmYtMDk3N2FmM2JiM2M1XkEyXkFqcGdeQXVyNjY5NDU4NzI@._V1_SX300.jpg	English	8.5	88
40	tt0027977	Modern Times	1936	Comedy, Drama, Family	Charles Chaplin	Charles Chaplin, Paulette Goddard, Henry Bergman	The Tramp struggles to live in modern industrial society with the help of a young homeless woman.	https://m.media-amazon.com/images/M/MV5BYjJiZjMzYzktNjU0NS00OTkxLWEwYzItYzdhYWJjN2QzMTRlL2ltYWdlL2ltYWdlXkEyXkFqcGdeQXVyNjU0OTQ0OTY@._V1_SX300.jpg	English	8.5	96
41	tt0095327	Grave of the Fireflies	1988	Animation, Drama, War	Isao Takahata	Tsutomu Tatsumi, Ayano Shiraishi, Akemi Yamaguchi	A young boy and his little sister struggle to survive in Japan during World War II.	https://m.media-amazon.com/images/M/MV5BZmY2NjUzNDQtNTgxNC00M2Q4LTljOWQtMjNjNDBjNWUxNmJlXkEyXkFqcGdeQXVyNTA4NzY1MzY@._V1_SX300.jpg	Japanese	8.5	94
42	tt0120586	American History X	1998	Drama	Tony Kaye	Edward Norton, Edward Furlong, Beverly D'Angelo	A former neo-nazi skinhead tries to prevent his younger brother from going down the same wrong path that he did.	https://m.media-amazon.com/images/M/MV5BZTJhN2FkYWEtMGI0My00YWM4LWI2MjAtM2UwNjY4MTI2ZTQyXkEyXkFqcGdeQXVyNjc3MjQzNTI@._V1_SX300.jpg	English	8.5	62
43	tt2582802	Whiplash	2014	Drama, Music	Damien Chazelle	Miles Teller, J.K. Simmons, Melissa Benoist	A promising young drummer enrolls at a cut-throat music conservatory where his dreams of greatness are mentored by an instructor who will stop at nothing to realize a student's potential.	https://m.media-amazon.com/images/M/MV5BOTA5NDZlZGUtMjAxOS00YTRkLTkwYmMtYWQ0NWEwZDZiNjEzXkEyXkFqcGdeQXVyMTMxODk2OTU@._V1_SX300.jpg	English	8.5	88
44	tt0172495	Gladiator	2000	Action, Adventure, Drama	Ridley Scott	Russell Crowe, Joaquin Phoenix, Connie Nielsen	A former Roman General sets out to exact vengeance against the corrupt emperor who murdered his family and sent him into slavery.	https://m.media-amazon.com/images/M/MV5BMDliMmNhNDEtODUyOS00MjNlLTgxODEtN2U3NzIxMGVkZTA1L2ltYWdlXkEyXkFqcGdeQXVyNjU0OTQ0OTY@._V1_SX300.jpg	English	8.5	67
45	tt0407887	The Departed	2006	Crime, Drama, Thriller	Martin Scorsese	Leonardo DiCaprio, Matt Damon, Jack Nicholson	An undercover cop and a mole in the police attempt to identify each other while infiltrating an Irish gang in South Boston.	https://m.media-amazon.com/images/M/MV5BMTI1MTY2OTIxNV5BMl5BanBnXkFtZTYwNjQ4NjY3._V1_SX300.jpg	English	8.5	85
46	tt0021749	City Lights	1931	Comedy, Drama, Romance	Charles Chaplin	Charles Chaplin, Virginia Cherrill, Florence Lee	With the aid of a wealthy erratic tippler, a dewy-eyed tramp who has fallen in love with a sightless flower girl accumulates money to be able to help her medically.	https://m.media-amazon.com/images/M/MV5BY2I4MmM1N2EtM2YzOS00OWUzLTkzYzctNDc5NDg2N2IyODJmXkEyXkFqcGdeQXVyNzkwMjQ5NzM@._V1_SX300.jpg	English	8.5	99
47	tt1675434	The Intouchables	2011	Biography, Comedy, Drama	Olivier Nakache, Éric Toledano	François Cluzet, Omar Sy, Anne Le Ny	After he becomes a quadriplegic from a paragliding accident, an aristocrat hires a young man from the projects to be his caregiver.	https://m.media-amazon.com/images/M/MV5BMTYxNDA3MDQwNl5BMl5BanBnXkFtZTcwNTU4Mzc1Nw@@._V1_SX300.jpg	French	8.5	57
48	tt0482571	The Prestige	2006	Drama, Mystery, Thriller	Christopher Nolan	Christian Bale, Hugh Jackman, Scarlett Johansson	After a tragic accident, two stage magicians in 1890s London engage in a battle to create the ultimate illusion while sacrificing everything they have to outwit each other.	https://m.media-amazon.com/images/M/MV5BMjA4NDI0MTIxNF5BMl5BanBnXkFtZTYwNTM0MzY2._V1_SX300.jpg	English	8.5	66
49	tt0034583	Casablanca	1942	Drama, Romance, War	Michael Curtiz	Humphrey Bogart, Ingrid Bergman, Paul Henreid	A cynical expatriate American cafe owner struggles to decide whether or not to help his former lover and her fugitive husband escape the Nazis in French Morocco.	https://m.media-amazon.com/images/M/MV5BY2IzZGY2YmEtYzljNS00NTM5LTgwMzUtMzM1NjQ4NGI0OTk0XkEyXkFqcGdeQXVyNDYyMDk5MTU@._V1_SX300.jpg	English	8.5	100
50	tt0064116	Once Upon a Time in the West	1968	Western	Sergio Leone	Henry Fonda, Charles Bronson, Claudia Cardinale	A mysterious stranger with a harmonica joins forces with a notorious desperado to protect a beautiful widow from a ruthless assassin working for the railroad.	https://m.media-amazon.com/images/M/MV5BZGI5MjBmYzYtMzJhZi00NGI1LTk3MzItYjBjMzcxM2U3MDdiXkEyXkFqcGdeQXVyNzkwMjQ5NzM@._V1_SX300.jpg	English	8.5	80
51	tt0047396	Rear Window	1954	Mystery, Thriller	Alfred Hitchcock	James Stewart, Grace Kelly, Wendell Corey	A wheelchair-bound photographer spies on his neighbors from his Greenwich Village courtyard apartment window, and becomes convinced one of them has committed murder, despite the skepticism of his fashion-model girlfriend.	https://m.media-amazon.com/images/M/MV5BNGUxYWM3M2MtMGM3Mi00ZmRiLWE0NGQtZjE5ODI2OTJhNTU0XkEyXkFqcGdeQXVyMTQxNzMzNDI@._V1_SX300.jpg	English	8.5	100
52	tt0095765	Cinema Paradiso	1988	Drama, Romance	Giuseppe Tornatore	Philippe Noiret, Enzo Cannavale, Antonella Attili	A filmmaker recalls his childhood when falling in love with the pictures at the cinema of his home village and forms a deep friendship with the cinema's projectionist.	https://m.media-amazon.com/images/M/MV5BM2FhYjEyYmYtMDI1Yy00YTdlLWI2NWQtYmEzNzAxOGY1NjY2XkEyXkFqcGdeQXVyNTA3NTIyNDg@._V1_SX300.jpg	Italian	8.5	80
53	tt0078748	Alien	1979	Horror, Sci-Fi	Ridley Scott	Sigourney Weaver, Tom Skerritt, John Hurt	The crew of a commercial spacecraft encounter a deadly lifeform after investigating an unknown transmission.	https://m.media-amazon.com/images/M/MV5BMmQ2MmU3NzktZjAxOC00ZDZhLTk4YzEtMDMyMzcxY2IwMDAyXkEyXkFqcGdeQXVyNzkwMjQ5NzM@._V1_SX300.jpg	English	8.4	89
54	tt0078788	Apocalypse Now	1979	Drama, Mystery, War	Francis Ford Coppola	Martin Sheen, Marlon Brando, Robert Duvall	A U.S. Army officer serving in Vietnam is tasked with assassinating a renegade Special Forces Colonel who sees himself as a god.	https://m.media-amazon.com/images/M/MV5BMDdhODg0MjYtYzBiOS00ZmI5LWEwZGYtZDEyNDU4MmQyNzFkXkEyXkFqcGdeQXVyNzkwMjQ5NzM@._V1_SX300.jpg	English	8.4	94
55	tt0209144	Memento	2000	Mystery, Thriller	Christopher Nolan	Guy Pearce, Carrie-Anne Moss, Joe Pantoliano	A man with short-term memory loss attempts to track down his wife's murderer.	https://m.media-amazon.com/images/M/MV5BZTcyNjk1MjgtOWI3Mi00YzQwLWI5MTktMzY4ZmI2NDAyNzYzXkEyXkFqcGdeQXVyNjU0OTQ0OTY@._V1_SX300.jpg	English	8.4	80
56	tt0082971	Indiana Jones and the Raiders of the Lost Ark	1981	Action, Adventure	Steven Spielberg	Harrison Ford, Karen Allen, Paul Freeman	In 1936, archaeologist and adventurer Indiana Jones is hired by the U.S. government to find the Ark of the Covenant before Adolf Hitler's Nazis can obtain its awesome powers.	https://m.media-amazon.com/images/M/MV5BMjA0ODEzMTc1Nl5BMl5BanBnXkFtZTcwODM2MjAxNA@@._V1_SX300.jpg	English	8.4	85
57	tt0032553	The Great Dictator	1940	Comedy, Drama, War	Charles Chaplin	Charles Chaplin, Paulette Goddard, Jack Oakie	Dictator Adenoid Hynkel tries to expand his empire while a poor Jewish barber tries to avoid persecution from Hynkel's regime.	https://m.media-amazon.com/images/M/MV5BMmExYWJjNTktNGUyZS00ODhmLTkxYzAtNWIzOGEyMGNiMmUwXkEyXkFqcGdeQXVyNjU0OTQ0OTY@._V1_SX300.jpg	English	8.4	N/A
58	tt1853728	Django Unchained	2012	Drama, Western	Quentin Tarantino	Jamie Foxx, Christoph Waltz, Leonardo DiCaprio	With the help of a German bounty-hunter, a freed slave sets out to rescue his wife from a brutal plantation-owner in Mississippi.	https://m.media-amazon.com/images/M/MV5BMjIyNTQ5NjQ1OV5BMl5BanBnXkFtZTcwODg1MDU4OA@@._V1_SX300.jpg	English	8.4	81
59	tt0405094	The Lives of Others	2006	Drama, Mystery, Thriller	Florian Henckel von Donnersmarck	Ulrich Mühe, Martina Gedeck, Sebastian Koch	In 1984 East Berlin, an agent of the secret police, conducting surveillance on a writer and his lover, finds himself becoming increasingly absorbed by their lives.	https://m.media-amazon.com/images/M/MV5BOThkM2EzYmMtNDE3NS00NjlhLTg4YzktYTdhNzgyOWY3ZDYzXkEyXkFqcGdeQXVyNzQzNzQxNzI@._V1_SX300.jpg	German	8.4	89
60	tt0050825	Paths of Glory	1957	Drama, War	Stanley Kubrick	Kirk Douglas, Ralph Meeker, Adolphe Menjou	After refusing to attack an enemy position, a general accuses the soldiers of cowardice and their commanding officer must defend them.	https://m.media-amazon.com/images/M/MV5BNjViMmRkOTEtM2ViOS00ODg0LWJhYWEtNTBlOGQxNDczOGY3XkEyXkFqcGdeQXVyMDI2NDg0NQ@@._V1_SX300.jpg	English	8.4	90
61	tt0043014	Sunset Blvd.	1950	Drama, Film-Noir	Billy Wilder	William Holden, Gloria Swanson, Erich von Stroheim	A screenwriter develops a dangerous relationship with a faded film star determined to make a triumphant return.	https://m.media-amazon.com/images/M/MV5BMTU0NTkyNzYwMF5BMl5BanBnXkFtZTgwMDU0NDk5MTI@._V1_SX300.jpg	English	8.4	N/A
62	tt0910970	WALL·E	2008	Animation, Adventure, Family	Andrew Stanton	Ben Burtt, Elissa Knight, Jeff Garlin	In the distant future, a small waste-collecting robot inadvertently embarks on a space journey that will ultimately decide the fate of mankind.	https://m.media-amazon.com/images/M/MV5BMjExMTg5OTU0NF5BMl5BanBnXkFtZTcwMjMxMzMzMw@@._V1_SX300.jpg	English	8.4	95
63	tt4154756	Avengers: Infinity War	2018	Action, Adventure, Sci-Fi	Anthony Russo, Joe Russo	Robert Downey Jr., Chris Hemsworth, Mark Ruffalo	The Avengers and their allies must be willing to sacrifice all in an attempt to defeat the powerful Thanos before his blitz of devastation and ruin puts an end to the universe.	https://m.media-amazon.com/images/M/MV5BMjMxNjY2MDU1OV5BMl5BanBnXkFtZTgwNzY1MTUwNTM@._V1_SX300.jpg	English	8.4	68
64	tt0051201	Witness for the Prosecution	1957	Crime, Drama, Mystery	Billy Wilder	Tyrone Power, Marlene Dietrich, Charles Laughton	A veteran British barrister must defend his client in a murder trial that has surprise after surprise.	https://m.media-amazon.com/images/M/MV5BZDA4MWNkMTctZDQ0Mi00MTY2LThjYTAtNWM5OTY3NzA4MzIyXkEyXkFqcGdeQXVyNTE1NjY5Mg@@._V1_SX300.jpg	English	8.4	N/A
65	tt4633694	Spider-Man: Into the Spider-Verse	2018	Animation, Action, Adventure	Bob Persichetti, Peter Ramsey, Rodney Rothman	Shameik Moore, Jake Johnson, Hailee Steinfeld	Teen Miles Morales becomes the Spider-Man of his universe, and must join with five spider-powered individuals from other dimensions to stop a threat for all realities.	https://m.media-amazon.com/images/M/MV5BMjMwNDkxMTgzOF5BMl5BanBnXkFtZTgwNTkwNTQ3NjM@._V1_SX300.jpg	English	8.4	87
66	tt0081505	The Shining	1980	Drama, Horror	Stanley Kubrick	Jack Nicholson, Shelley Duvall, Danny Lloyd	A family heads to an isolated hotel for the winter where a sinister presence influences the father into violence, while his psychic son sees horrific forebodings from both past and future.	https://m.media-amazon.com/images/M/MV5BZWFlYmY2MGEtZjVkYS00YzU4LTg0YjQtYzY1ZGE3NTA5NGQxXkEyXkFqcGdeQXVyMTQxNzMzNDI@._V1_SX300.jpg	English	8.4	66
67	tt0057012	Dr. Strangelove or: How I Learned to Stop Worrying and Love the Bomb	1964	Comedy, War	Stanley Kubrick	Peter Sellers, George C. Scott, Sterling Hayden	An insane American general orders a bombing attack on the Soviet Union, triggering a path to nuclear holocaust that a war room full of politicians and generals frantically tries to stop.	https://m.media-amazon.com/images/M/MV5BZWI3ZTMxNjctMjdlNS00NmUwLWFiM2YtZDUyY2I3N2MxYTE0XkEyXkFqcGdeQXVyNzkwMjQ5NzM@._V1_SX300.jpg	English	8.4	97
68	tt0119698	Princess Mononoke	1997	Animation, Action, Adventure	Hayao Miyazaki	Yôji Matsuda, Yuriko Ishida, Yûko Tanaka	On a journey to find the cure for a Tatarigami's curse, Ashitaka finds himself in the middle of a war between the forest gods and Tatara, a mining colony. In this quest he also meets San, the Mononoke Hime.	https://m.media-amazon.com/images/M/MV5BNGIzY2IzODQtNThmMi00ZDE4LWI5YzAtNzNlZTM1ZjYyYjUyXkEyXkFqcGdeQXVyODEzNjM5OTQ@._V1_SX300.jpg	Japanese	8.4	76
69	tt0364569	Oldboy	2003	Action, Drama, Mystery	Park Chan-wook	Choi Min-sik, Yoo Ji-Tae, Kang Hye-jeong	After being kidnapped and imprisoned for fifteen years, Oh Dae-Su is released, only to find that he must find his captor in five days.	https://m.media-amazon.com/images/M/MV5BMTI3NTQyMzU5M15BMl5BanBnXkFtZTcwMTM2MjgyMQ@@._V1_SX300.jpg	Korean	8.4	77
70	tt7286456	Joker	2019	Crime, Drama, Thriller	Todd Phillips	Joaquin Phoenix, Robert De Niro, Zazie Beetz	In Gotham City, mentally troubled comedian Arthur Fleck is disregarded and mistreated by society. He then embarks on a downward spiral of revolution and bloody crime. This path brings him face-to-face with his alter-ego: the Joker.	https://m.media-amazon.com/images/M/MV5BNGVjNWI4ZGUtNzE0MS00YTJmLWE0ZDctN2ZiYTk2YmI3NTYyXkEyXkFqcGdeQXVyMTkxNjUyNQ@@._V1_SX300.jpg	English	8.4	59
71	tt5311514	Your Name.	2016	Animation, Drama, Fantasy	Makoto Shinkai	Ryûnosuke Kamiki, Mone Kamishiraishi, Ryô Narita	Two strangers find themselves linked in a bizarre way. When a connection forms, will distance be the only thing to keep them apart?	https://m.media-amazon.com/images/M/MV5BODRmZDVmNzUtZDA4ZC00NjhkLWI2M2UtN2M0ZDIzNDcxYThjL2ltYWdlXkEyXkFqcGdeQXVyNTk0MzMzODA@._V1_SX300.jpg	Japanese	8.4	79
72	tt2380307	Coco	2017	Animation, Adventure, Comedy	Lee Unkrich, Adrian Molina	Anthony Gonzalez, Gael García Bernal, Benjamin Bratt	Aspiring musician Miguel, confronted with his family's ancestral ban on music, enters the Land of the Dead to find his great-great-grandfather, a legendary singer.	https://m.media-amazon.com/images/M/MV5BYjQ5NjM0Y2YtNjZkNC00ZDhkLWJjMWItN2QyNzFkMDE3ZjAxXkEyXkFqcGdeQXVyODIxMzk5NjA@._V1_SX300.jpg	English	8.4	81
73	tt1345836	The Dark Knight Rises	2012	Action, Crime, Drama	Christopher Nolan	Christian Bale, Tom Hardy, Anne Hathaway	Eight years after the Joker's reign of anarchy, Batman, with the help of the enigmatic Catwoman, is forced from his exile to save Gotham City from the brutal guerrilla terrorist Bane.	https://m.media-amazon.com/images/M/MV5BMTk4ODQzNDY3Ml5BMl5BanBnXkFtZTcwODA0NTM4Nw@@._V1_SX300.jpg	English	8.4	78
74	tt0090605	Aliens	1986	Action, Adventure, Sci-Fi	James Cameron	Sigourney Weaver, Michael Biehn, Carrie Henn	Fifty-seven years after surviving an apocalyptic attack aboard her space vessel by merciless space creatures, Officer Ripley awakens from hyper-sleep and tries to warn anyone who will listen about the predators.	https://m.media-amazon.com/images/M/MV5BZGU2OGY5ZTYtMWNhYy00NjZiLWI0NjUtZmNhY2JhNDRmODU3XkEyXkFqcGdeQXVyNzkwMjQ5NzM@._V1_SX300.jpg	English	8.3	84
75	tt0087843	Once Upon a Time in America	1984	Crime, Drama	Sergio Leone	Robert De Niro, James Woods, Elizabeth McGovern	A former Prohibition-era Jewish gangster returns to the Lower East Side of Manhattan 35 years later, where he must once again confront the ghosts and regrets of his old life.	https://m.media-amazon.com/images/M/MV5BMGFkNWI4MTMtNGQ0OC00MWVmLTk3MTktOGYxN2Y2YWVkZWE2XkEyXkFqcGdeQXVyNjU0OTQ0OTY@._V1_SX300.jpg	English	8.3	75
76	tt4154796	Avengers: Endgame	2019	Action, Adventure, Drama	Anthony Russo, Joe Russo	Robert Downey Jr., Chris Evans, Mark Ruffalo	After the devastating events of Avengers: Infinity War (2018), the universe is in ruins. With the help of remaining allies, the Avengers assemble once more in order to reverse Thanos' actions and restore balance to the universe.	https://m.media-amazon.com/images/M/MV5BMTc5MDE2ODcwNV5BMl5BanBnXkFtZTgwMzI2NzQ2NzM@._V1_SX300.jpg	English	8.4	78
77	tt8267604	Capernaum	2018	Drama	Nadine Labaki	Zain Al Rafeea, Yordanos Shiferaw, Boluwatife Treasure Bankole	While serving a five-year sentence for a violent crime, a 12-year-old boy sues his parents for neglect.	https://m.media-amazon.com/images/M/MV5BMmExNzU2ZWMtYzUwYi00YmM2LTkxZTQtNmVhNjY0NTMyMWI2XkEyXkFqcGdeQXVyMTMxODk2OTU@._V1_SX300.jpg	Arabic	8.4	75
78	tt0082096	Das Boot	1981	Drama, War	Wolfgang Petersen	Jürgen Prochnow, Herbert Grönemeyer, Klaus Wennemann	The claustrophobic world of a WWII German U-boat; boredom, filth and sheer terror.	https://m.media-amazon.com/images/M/MV5BOGZhZDIzNWMtNjkxMS00MDQ1LThkMTYtZWQzYWU3MWMxMGU5XkEyXkFqcGdeQXVyNjc1NTYyMjg@._V1_SX300.jpg	German	8.3	86
79	tt0057565	High and Low	1963	Crime, Drama, Mystery	Akira Kurosawa	Toshirô Mifune, Yutaka Sada, Tatsuya Nakadai	An executive of a Yokohama shoe company becomes a victim of extortion when his chauffeur's son is kidnapped by mistake and held for ransom.	https://m.media-amazon.com/images/M/MV5BOTI4NTNhZDMtMWNkZi00MTRmLWJmZDQtMmJkMGVmZTEzODlhXkEyXkFqcGdeQXVyNjc1NTYyMjg@._V1_SX300.jpg	Japanese	8.4	N/A
80	tt1187043	3 Idiots	2009	Comedy, Drama	Rajkumar Hirani	Aamir Khan, Madhavan, Mona Singh	"Two friends are searching for their long lost companion. They revisit their college days and recall the memories of their friend who inspired them to think differently, even as the rest of the world called them ""idiots""."	https://m.media-amazon.com/images/M/MV5BNTkyOGVjMGEtNmQzZi00NzFlLTlhOWQtODYyMDc2ZGJmYzFhXkEyXkFqcGdeQXVyNjU0OTQ0OTY@._V1_SX300.jpg	Hindi	8.4	67
81	tt0114709	Toy Story	1995	Animation, Adventure, Comedy	John Lasseter	Tom Hanks, Tim Allen, Don Rickles	A cowboy doll is profoundly threatened and jealous when a new spaceman figure supplants him as top toy in a boy's room.	https://m.media-amazon.com/images/M/MV5BMDU2ZWJlMjktMTRhMy00ZTA5LWEzNDgtYmNmZTEwZTViZWJkXkEyXkFqcGdeQXVyNDQ2OTk4MzI@._V1_SX300.jpg	English	8.3	95
82	tt0086879	Amadeus	1984	Biography, Drama, Music	Milos Forman	F. Murray Abraham, Tom Hulce, Elizabeth Berridge	The life, success and troubles of Wolfgang Amadeus Mozart, as told by Antonio Salieri, the contemporaneous composer who was insanely jealous of Mozart's talent and claimed to have murdered him.	https://m.media-amazon.com/images/M/MV5BNWJlNzUzNGMtYTAwMS00ZjI2LWFmNWQtODcxNWUxODA5YmU1XkEyXkFqcGdeQXVyNTIzOTk5ODM@._V1_SX300.jpg	English	8.3	88
83	tt0169547	American Beauty	1999	Drama	Sam Mendes	Kevin Spacey, Annette Bening, Thora Birch	A sexually frustrated suburban father has a mid-life crisis after becoming infatuated with his daughter's best friend.	https://m.media-amazon.com/images/M/MV5BNTBmZWJkNjctNDhiNC00MGE2LWEwOTctZTk5OGVhMWMyNmVhXkEyXkFqcGdeQXVyMTMxODk2OTU@._V1_SX300.jpg	English	8.3	84
84	tt0112573	Braveheart	1995	Biography, Drama, History	Mel Gibson	Mel Gibson, Sophie Marceau, Patrick McGoohan	Scottish warrior William Wallace leads his countrymen in a rebellion to free his homeland from the tyranny of King Edward I of England.	https://m.media-amazon.com/images/M/MV5BMzkzMmU0YTYtOWM3My00YzBmLWI0YzctOGYyNTkwMWE5MTJkXkEyXkFqcGdeQXVyNzkwMjQ5NzM@._V1_SX300.jpg	English	8.3	68
85	tt0361748	Inglourious Basterds	2009	Adventure, Drama, War	Quentin Tarantino	Brad Pitt, Diane Kruger, Eli Roth	In Nazi-occupied France during World War II, a plan to assassinate Nazi leaders by a group of Jewish U.S. soldiers coincides with a theatre owner's vengeful plans for the same.	https://m.media-amazon.com/images/M/MV5BOTJiNDEzOWYtMTVjOC00ZjlmLWE0NGMtZmE1OWVmZDQ2OWJhXkEyXkFqcGdeQXVyNTIzOTk5ODM@._V1_SX300.jpg	English	8.3	69
86	tt0119217	Good Will Hunting	1997	Drama, Romance	Gus Van Sant	Robin Williams, Matt Damon, Ben Affleck	Will Hunting, a janitor at M.I.T., has a gift for mathematics, but needs help from a psychologist to find direction in his life.	https://m.media-amazon.com/images/M/MV5BOTI0MzcxMTYtZDVkMy00NjY1LTgyMTYtZmUxN2M3NmQ2NWJhXkEyXkFqcGdeQXVyMTQxNzMzNDI@._V1_SX300.jpg	English	8.3	70
87	tt8503618	Hamilton	2020	Biography, Drama, History	Thomas Kail	Lin-Manuel Miranda, Phillipa Soo, Leslie Odom Jr.	The real life of one of America's foremost founding fathers and first Secretary of the Treasury, Alexander Hamilton. Captured live on Broadway from the Richard Rodgers Theater with the original Broadway cast.	https://m.media-amazon.com/images/M/MV5BNjViNWRjYWEtZTI0NC00N2E3LTk0NGQtMjY4NTM3OGNkZjY0XkEyXkFqcGdeQXVyMjUxMTY3ODM@._V1_SX300.jpg	English	8.4	90
88	tt0091251	Come and See	1985	Drama, Thriller, War	Elem Klimov	Aleksey Kravchenko, Olga Mironova, Liubomiras Laucevicius	After finding an old rifle, a young boy joins the Soviet resistance movement against ruthless German forces and experiences the horrors of World War II.	https://m.media-amazon.com/images/M/MV5BODM4Njg0NTAtYjI5Ny00ZjAxLTkwNmItZTMxMWU5M2U3M2RjXkEyXkFqcGdeQXVyNzkwMjQ5NzM@._V1_SX300.jpg	Russian	8.3	N/A
89	tt0086190	Star Wars: Episode VI - Return of the Jedi	1983	Action, Adventure, Fantasy	Richard Marquand	Mark Hamill, Harrison Ford, Carrie Fisher	After a daring mission to rescue Han Solo from Jabba the Hutt, the Rebels dispatch to Endor to destroy the second Death Star. Meanwhile, Luke struggles to help Darth Vader back from the dark side without falling into the Emperor's tr	https://m.media-amazon.com/images/M/MV5BOWZlMjFiYzgtMTUzNC00Y2IzLTk1NTMtZmNhMTczNTk0ODk1XkEyXkFqcGdeQXVyNTAyODkwOQ@@._V1_SX300.jpg	English	8.3	58
90	tt0062622	2001: A Space Odyssey	1968	Adventure, Sci-Fi	Stanley Kubrick	Keir Dullea, Gary Lockwood, William Sylvester	The Monoliths push humanity to reach for the stars; after their discovery in Africa generations ago, the mysterious objects lead mankind on an awesome journey to Jupiter, with the help of H.A.L. 9000: the world's greatest supercomput	https://m.media-amazon.com/images/M/MV5BMmNlYzRiNDctZWNhMi00MzI4LThkZTctMTUzMmZkMmFmNThmXkEyXkFqcGdeQXVyNzkwMjQ5NzM@._V1_SX300.jpg	English	8.3	84
91	tt0105236	Reservoir Dogs	1992	Crime, Drama, Thriller	Quentin Tarantino	Harvey Keitel, Tim Roth, Michael Madsen	When a simple jewelry heist goes horribly wrong, the surviving criminals begin to suspect that one of them is a police informant.	https://m.media-amazon.com/images/M/MV5BZmExNmEwYWItYmQzOS00YjA5LTk2MjktZjEyZDE1Y2QxNjA1XkEyXkFqcGdeQXVyMTQxNzMzNDI@._V1_SX300.jpg	English	8.3	79
92	tt0986264	Like Stars on Earth	2007	Drama, Family	Aamir Khan, Amole Gupte	Darsheel Safary, Aamir Khan, Tisca Chopra	An eight-year-old boy is thought to be a lazy trouble-maker, until the new art teacher has the patience and compassion to discover the real problem behind his struggles in school.	https://m.media-amazon.com/images/M/MV5BMDhjZWViN2MtNzgxOS00NmI4LThiZDQtZDI3MzM4MDE4NTc0XkEyXkFqcGdeQXVyMTMxODk2OTU@._V1_SX300.jpg	Hindi	8.4	N/A
93	tt0052357	Vertigo	1958	Mystery, Romance, Thriller	Alfred Hitchcock	James Stewart, Kim Novak, Barbara Bel Geddes	A former San Francisco police detective juggles wrestling with his personal demons and becoming obsessed with the hauntingly beautiful woman he has been hired to trail, who may be deeply disturbed.	https://m.media-amazon.com/images/M/MV5BYTE4ODEwZDUtNDFjOC00NjAxLWEzYTQtYTI1NGVmZmFlNjdiL2ltYWdlL2ltYWdlXkEyXkFqcGdeQXVyNjc1NTYyMjg@._V1_SX300.jpg	English	8.3	100
94	tt0022100	M	1931	Crime, Mystery, Thriller	Fritz Lang	Peter Lorre, Ellen Widmann, Inge Landgut	When the police in a German city are unable to catch a child-murderer, other criminals join in the manhunt.	https://m.media-amazon.com/images/M/MV5BODA4ODk3OTEzMF5BMl5BanBnXkFtZTgwMTQ2ODMwMzE@._V1_SX300.jpg	German	8.3	N/A
95	tt2106476	The Hunt	2012	Drama	Thomas Vinterberg	Mads Mikkelsen, Thomas Bo Larsen, Annika Wedderkopp	A teacher lives a lonely life, all the while struggling over his son's custody. His life slowly gets better as he finds love and receives good news from his son, but his new luck is about to be brutally shattered by an innocent littl	https://m.media-amazon.com/images/M/MV5BMTg2NDg3ODg4NF5BMl5BanBnXkFtZTcwNzk3NTc3Nw@@._V1_SX300.jpg	Danish	8.3	77
96	tt0033467	Citizen Kane	1941	Drama, Mystery	Orson Welles	Orson Welles, Joseph Cotten, Dorothy Comingore	Following the death of publishing tycoon Charles Foster Kane, reporters scramble to uncover the meaning of his final utterance; 'Rosebud'.	https://m.media-amazon.com/images/M/MV5BYjBiOTYxZWItMzdiZi00NjlkLWIzZTYtYmFhZjhiMTljOTdkXkEyXkFqcGdeQXVyNzkwMjQ5NzM@._V1_SX300.jpg	English	8.3	100
97	tt0180093	Requiem for a Dream	2000	Drama	Darren Aronofsky	Ellen Burstyn, Jared Leto, Jennifer Connelly	The drug-induced utopias of four Coney Island people are shattered when their addictions run deep.	https://m.media-amazon.com/images/M/MV5BOTdiNzJlOWUtNWMwNS00NmFlLWI0YTEtZmI3YjIzZWUyY2Y3XkEyXkFqcGdeQXVyNjU0OTQ0OTY@._V1_SX300.jpg	English	8.3	68
98	tt0045152	Singin' in the Rain	1952	Comedy, Musical, Romance	Stanley Donen, Gene Kelly	Gene Kelly, Donald O'Connor, Debbie Reynolds	A silent film star falls for a chorus girl just as he and his delusionally jealous screen partner are trying to make the difficult transition to talking pictures in 1920s Hollywood.	https://m.media-amazon.com/images/M/MV5BZDRjNGViMjQtOThlMi00MTA3LThkYzQtNzJkYjBkMGE0YzE1XkEyXkFqcGdeQXVyNDYyMDk5MTU@._V1_SX300.jpg	English	8.3	99
99	tt0053125	North by Northwest	1959	Adventure, Mystery, Thriller	Alfred Hitchcock	Cary Grant, Eva Marie Saint, James Mason	A New York City advertising executive goes on the run after being mistaken for a government agent by a group of foreign spies, and falls for a woman whose loyalties he begins to doubt.	https://m.media-amazon.com/images/M/MV5BZDA3NDExMTUtMDlhOC00MmQ5LWExZGUtYmI1NGVlZWI4OWNiXkEyXkFqcGdeQXVyNjc1NTYyMjg@._V1_SX300.jpg	English	8.3	98
100	tt0044741	Ikiru	1952	Drama	Akira Kurosawa	Takashi Shimura, Nobuo Kaneko, Shin'ichi Himori	A bureaucrat tries to find meaning in his life after he discovers he has terminal cancer.	https://m.media-amazon.com/images/M/MV5BZTdkN2E5OTYtN2FiMi00YWUwLWEzMGMtZTMzNjY0NjgzYzFiXkEyXkFqcGdeQXVyMTI3ODAyMzE2._V1_SX300.jpg	Japanese	8.3	91
